# requirement	mode	label	absolute_path
required	git-state	mrnabert-non-git	/data00/home/wangzhi.wit/models/mRNABERT
required	git-state	proteinmpnn-non-git	/data00/home/wangzhi.wit/models/ProteinMPNN
required	entry	design-flow-runtime	/data00/home/wangzhi.wit/models/design-flow-runtime
required	entry	design-flow-tools	/data00/home/wangzhi.wit/models/design-flow-tools
required	entry	dataset-proteinmpnn	/data00/home/wangzhi.wit/models/datasets/proteinmpnn
required	entry	dataset-proteinmpnn-custom	/data00/home/wangzhi.wit/models/datasets/proteinmpnn_custom
required	entry	mock-vaccine-archive	/data00/home/wangzhi.wit/models/datasets/亚单位疫苗设计.rar
required	entry	mock-question-response	/data00/home/wangzhi.wit/models/datasets/问题回复.docx
required	entry	mock-b5-reference	/data00/home/wangzhi.wit/models/datasets/B5全长蛋白氨基酸序列核苷酸密码子优化后序列.fasta
required	entry	stage4-netmhcpan	/data00/home/wangzhi.wit/models/netMHCpan-4.2
required	entry	stage4-netmhciipan	/data00/home/wangzhi.wit/models/netMHCIIpan-4.3
required	entry	stage4-netmhcpan-archive	/data00/home/wangzhi.wit/models/netMHCpan-4.2estatic.Linux.tar.gz
required	entry	stage4-netmhciipan-archive	/data00/home/wangzhi.wit/models/netMHCIIpan-4.3kstatic.Linux.tar.gz
optional	entry	pdb-build-environment	/data00/home/wangzhi.wit/models/.pdbbuild_deps
optional	entry	design-flow-server	/data00/home/wangzhi.wit/models/design-flow-server
optional	entry	legacy-mrnabert-source	/data00/home/wangzhi.wit/models/mRNABERT-main
optional	entry	legacy-mrnabert-source-zip	/data00/home/wangzhi.wit/models/mRNABERT-main.zip
optional	entry	mrna-dataset-0	/data00/home/wangzhi.wit/models/mRNAdataset_0.zip
optional	entry	mrna-dataset-1	/data00/home/wangzhi.wit/models/mRNAdataset_1.zip
optional	entry	mrna-dataset-2	/data00/home/wangzhi.wit/models/mRNAdataset_2.zip
optional	entry	mrna-dataset-3	/data00/home/wangzhi.wit/models/mRNAdataset_3.zip
optional	entry	mrna-dataset-4	/data00/home/wangzhi.wit/models/mRNAdataset_4.zip
optional	entry	download-script	/data00/home/wangzhi.wit/models/download_mrnabert_zenodo.sh
optional	entry	project-image	/data00/home/wangzhi.wit/models/image.png
optional	entry	tos-smoke-record	/data00/home/wangzhi.wit/models/tos_smoke_upload.txt
